{
  "best_epoch": 37,
  "best_val_f1": 0.4796692565820351,
  "per_class_f1": {
    "ART": 0.0,
    "BAS": 0.47619047619047616,
    "BLA": 0.45614035087719296,
    "EBO": 0.86328125,
    "EOS": 0.8888888888888888,
    "HAC": 0.0,
    "LYT": 0.7314814814814815,
    "MMZ": 0.6531986531986532,
    "MON": 0.6666666666666666,
    "MYB": 0.7279411764705882,
    "NGB": 0.7108753315649867,
    "NGS": 0.6035502958579881,
    "NIF": 0.0,
    "OTH": 0.0,
    "PEB": 0.0,
    "PLM": 0.725,
    "PMO": 0.6511627906976745
  }
}