{
  "epoch": 22,
  "val_f1": 0.8074105856868151,
  "per_class_f1": {
    "ART": 0.8984175599795814,
    "BAS": 0.611764705882353,
    "BLA": 0.8622854750941816,
    "EBO": 0.9473110465116279,
    "EOS": 0.9662162162162162,
    "HAC": 0.8205128205128205,
    "LYT": 0.9153180278509597,
    "MMZ": 0.5352112676056338,
    "MON": 0.7642679900744417,
    "MYB": 0.7246596066565809,
    "NGB": 0.7548321464903357,
    "NGS": 0.9207585506264816,
    "NIF": 0.6439169139465876,
    "OTH": 0.8157894736842105,
    "PEB": 0.7651515151515151,
    "PLM": 0.9287598944591029,
    "PMO": 0.8476658476658476
  }
}