{
  "total_cells": 5656,
  "macro_f1": 0.10109960122201038,
  "per_class_f1": {
    "ART": 0.0,
    "BAS": 0.0,
    "BLA": 0.050156739811912224,
    "EBO": 0.11781609195402298,
    "EOS": 0.5446371226718048,
    "HAC": 0.0,
    "LYT": 0.0,
    "MMZ": 0.031047865459249677,
    "MON": 0.0,
    "MYB": 0.011544011544011544,
    "NGB": 0.11663479923518165,
    "NGS": 0.34238787113076435,
    "NIF": 0.0,
    "OTH": 0.0,
    "PEB": 0.0,
    "PLM": 0.3157894736842105,
    "PMO": 0.18867924528301888
  }
}