{
  "best_epoch": 49,
  "best_val_f1": 0.42861216259223023,
  "per_class_f1": {
    "ART": 0.0,
    "BAS": 0.3333333333333333,
    "BLA": 0.4230769230769231,
    "EBO": 0.8615984405458089,
    "EOS": 0.8888888888888888,
    "HAC": 0.0,
    "LYT": 0.7219512195121951,
    "MMZ": 0.6666666666666666,
    "MON": 0.0,
    "MYB": 0.7116104868913857,
    "NGB": 0.7012987012987013,
    "NGS": 0.6198830409356725,
    "NIF": 0.0,
    "OTH": 0.0,
    "PEB": 0.0,
    "PLM": 0.7469879518072289,
    "PMO": 0.6111111111111112
  }
}